dataset,f1_score,precision,recall,accuracy
train_data,0.9834007174990035,0.9925855677213553,0.9743842920416397,0.9877921098919508
