dataset,f1_score,precision,recall,accuracy
test_data,0.8350087281044964,0.885145482388974,0.790247237096958,0.8852081413853756
